Data,Hora,Produto,ISIN,Bolsa de,Bolsa,Quantidade,Preços,,Valor local,,Valor,,Taxa de Câmbio,Custos de transação,,Total,,ID da Ordem
11-10-2024,12:12,VANGUARD FTSE HDY,IE00B8GKDB10,EAM,XAMS,7,63.5600,EUR,-444.92,EUR,-444.92,EUR,,-1.00,EUR,-445.92,EUR,012ff299-675e-4f22-9950-21a0ad692414
20-09-2024,16:00,VANGUARD FTSE HDY,IE00B8GKDB10,EAM,XAMS,80,61.9200,EUR,-4953.60,EUR,-4953.60,EUR,,-1.00,EUR,-4954.60,EUR,3d35ba86-9205-4476-b34c-8758ceba4b92
08-08-2024,10:05,VANGUARD FTSE HDY,IE00B8GKDB10,EAM,XAMS,85,59.0000,EUR,-5015.00,EUR,-5015.00,EUR,,-1.00,EUR,-5016.00,EUR,545b355e-841c-4da3-b5c7-9ecbd34386ee
06-08-2024,10:36,VANGUARD FTSE HDY,IE00B8GKDB10,EAM,MSEU,23,58.7980,EUR,-1352.35,EUR,-1352.35,EUR,,-1.00,EUR,-1353.35,EUR,d8019436-f51e-4ffd-88be-4329ed258f61
17-05-2024,11:53,ADR ON ALIBABA GROUP HOLDING,US01609W1027,TDG,XGAT,37,81.0000,EUR,-2997.00,EUR,-2997.00,EUR,,-3.90,EUR,-3000.90,EUR,3dfbca73-82e3-483d-aa00-e0ef61cc7a6b
17-05-2024,11:52,COLRUYT,BE0974256852,EBR,"MESI, XBRU",-72,43.3400,EUR,3120.48,EUR,3120.48,EUR,,-4.90,EUR,3115.58,EUR,993f2410-1e95-49b3-b97d-786b4680d939
27-12-2023,16:21,COLRUYT,BE0974256852,EBR,MESI,-178,41.1400,EUR,7322.92,EUR,7322.92,EUR,,-4.90,EUR,7318.02,EUR,85ad98a5-d55f-4aab-8b11-742ce11539ec
21-12-2023,09:48,FLOW TRADERS LTD,BMG3602E1084,EAM,XAMS,135,17.9100,EUR,-2417.85,EUR,-2417.85,EUR,,-4.90,EUR,-2422.75,EUR,3b1686a1-059d-4373-8866-07a34197eff5
20-12-2023,17:35,FLOW TRADERS LTD,BMG3602E1084,EAM,XAMS,-113,18.0800,EUR,2043.04,EUR,2043.04,EUR,,,EUR,2043.04,EUR,fd7c7cb3-3c7a-49b9-ba77-e5a4be9128c9
20-12-2023,17:25,FLOW TRADERS LTD,BMG3602E1084,EAM,XAMS,-3,18.0400,EUR,54.12,EUR,54.12,EUR,,,EUR,54.12,EUR,fd7c7cb3-3c7a-49b9-ba77-e5a4be9128c9
20-12-2023,17:24,FLOW TRADERS LTD,BMG3602E1084,EAM,XAMS,-19,18.0400,EUR,342.76,EUR,342.76,EUR,,-4.90,EUR,337.86,EUR,fd7c7cb3-3c7a-49b9-ba77-e5a4be9128c9
15-12-2023,11:30,TENCENT HOLDINGS LTD,KYG875721634,TDG,XGAT,80,36.8900,EUR,-2951.20,EUR,-2951.20,EUR,,-3.90,EUR,-2955.10,EUR,f7a5f69e-b105-40eb-b43a-2cac90028039
15-12-2023,11:28,TENCENT HOLDINGS LTD,KYG875721634,TDG,XGAT,-80,36.6600,EUR,2932.80,EUR,2932.80,EUR,,-3.90,EUR,2928.90,EUR,dd66765d-8342-46b9-b96c-a1eaf1164c4f
16-11-2023,18:02,ADR ON ALIBABA GROUP HOLDING,US01609W1027,TDG,XGAT,15,72.9000,EUR,-1093.50,EUR,-1093.50,EUR,,-3.90,EUR,-1097.40,EUR,e8b2d772-f258-486d-a75b-fb4aaf335e91
04-09-2023,11:50,VANGUARD FTSE ALL-WORLD UCITS ETF - (USD) ACCUMULATING,IE00BK5BQT80,XET,XETA,-127,103.5072,EUR,13145.42,EUR,13145.42,EUR,,-1.00,EUR,13144.42,EUR,30f23a9e-1dfe-4f44-96d1-5f3ac41b83b2
28-03-2023,16:29,MEITUAN CL.B,KYG596691041,FRA,FRAB,-8,15.9800,EUR,127.84,EUR,127.84,EUR,,-4.90,EUR,122.94,EUR,70f62b26-3cd7-4368-9edb-f6033061724f
27-03-2023,07:26,MEITUAN CL.B - NON TRADEABLE,KYG596691041,DEG,,-8,16.8500,EUR,134.80,EUR,134.80,EUR,,,EUR,134.80,EUR,
27-03-2023,07:26,MEITUAN CL.B,KYG596691041,FRA,,8,16.8500,EUR,-134.80,EUR,-134.80,EUR,,,EUR,-134.80,EUR,
23-02-2023,00:00,ADR ON ALIBABA GROUP HOLDING,US01609W1027,TDG,,58,108.8069,EUR,-6310.80,EUR,-6310.80,EUR,,,EUR,-6310.80,EUR,
23-02-2023,00:00,TENCENT HOLDINGS LTD,KYG875721634,TDG,,80,49.8046,EUR,-3984.37,EUR,-3984.37,EUR,,,EUR,-3984.37,EUR,
23-02-2023,00:00,ALIBABA GR.HLDG SP.ADR 8,US01609W1027,FRA,,-58,108.8069,EUR,6310.80,EUR,6310.80,EUR,,,EUR,6310.80,EUR,
23-02-2023,00:00,"TENCENT HLDGS   HD-,00002",KYG875721634,FRA,,-80,49.8046,EUR,3984.37,EUR,3984.37,EUR,,,EUR,3984.37,EUR,
16-01-2023,08:17,FLOW TRADERS LTD,BMG3602E1084,EAM,,135,23.2600,EUR,-3140.10,EUR,-3140.10,EUR,,,EUR,-3140.10,EUR,
16-01-2023,08:17,FLOWTRADERS,NL0011279492,EAM,,-135,23.2600,EUR,3140.10,EUR,3140.10,EUR,,,EUR,3140.10,EUR,
05-01-2023,00:00,MEITUAN CL.B - NON TRADEABLE,KYG596691041,DEG,,8,0.0000,EUR,0.00,EUR,0.00,EUR,,,EUR,0.00,EUR,
14-12-2022,10:45,COL P20.00 17MAR23,BEEN07268574,LFF,XBRD,-1,1.1000,EUR,110.00,EUR,110.00,EUR,,-0.75,EUR,109.25,EUR,5b0de6dd-1831-476c-a928-f922caa193f9
07-12-2022,22:00,COLRUYT,BE0974256852,EBR,,100,35.0000,EUR,-3500.00,EUR,-3500.00,EUR,,,EUR,-3500.00,EUR,
07-12-2022,22:00,COL P35.00 16DEC22,BEEN02796090,LFF,,1,0.0000,EUR,0.00,EUR,0.00,EUR,,,EUR,0.00,EUR,
26-10-2022,22:00,COLRUYT,BE0974256852,EBR,,400,38.7500,EUR,-15500.00,EUR,-15500.00,EUR,,,EUR,-15500.00,EUR,
26-10-2022,22:00,COL P40.00 17MAR23,BEEN05499056,LFF,,3,0.0000,EUR,0.00,EUR,0.00,EUR,,,EUR,0.00,EUR,
26-10-2022,22:00,COL P35.00 16DEC22,BEEN02796090,LFF,,1,0.0000,EUR,0.00,EUR,0.00,EUR,,,EUR,0.00,EUR,
30-09-2022,11:15,COL P24.00 16DEC22,BEEN05993769,LFF,XBRD,1,3.2000,EUR,-320.00,EUR,-320.00,EUR,,-0.75,EUR,-320.75,EUR,cb8baf97-999f-40fa-8eed-c8c5acb1bb49
01-09-2022,14:04,COL P20.00 17MAR23,BEEN07268574,LFF,XBRD,1,0.5000,EUR,-50.00,EUR,-50.00,EUR,,-0.75,EUR,-50.75,EUR,a65bd5c5-a626-4dd2-93af-6532bdec84ff
01-09-2022,13:42,COL P40.00 17MAR23,BEEN05499056,LFF,XBRD,-3,13.6000,EUR,4080.00,EUR,4080.00,EUR,,-2.25,EUR,4077.75,EUR,f33400a2-8cb6-46ff-9570-2ce22caf2979
01-09-2022,13:40,COL P50.00 16SEP22,BEEN02643227,LFF,XBRD,2,23.0000,EUR,-4600.00,EUR,-4600.00,EUR,,-1.50,EUR,-4601.50,EUR,b2c511c4-f104-4ebd-861d-dcc8e09fbe42
31-08-2022,22:00,COLRUYT,BE0974256852,EBR,,100,50.0000,EUR,-5000.00,EUR,-5000.00,EUR,,,EUR,-5000.00,EUR,
31-08-2022,22:00,COL P50.00 16SEP22,BEEN02643227,LFF,,1,0.0000,EUR,0.00,EUR,0.00,EUR,,,EUR,0.00,EUR,
24-08-2022,11:18,COL P24.00 16DEC22,BEEN05993769,LFF,XBRD,-1,0.6100,EUR,61.00,EUR,61.00,EUR,,-0.75,EUR,60.25,EUR,bce7f8fa-51d2-4e0e-9aac-ff5807e58f13
16-08-2022,13:12,"TENCENT HLDGS   HD-,00002",KYG875721634,FRA,FRAB,20,37.8950,EUR,-757.90,EUR,-757.90,EUR,,-4.40,EUR,-762.30,EUR,ca3c219b-8e3d-4df9-853c-f073efa05835
16-08-2022,13:08,ALIBABA GR.HLDG SP.ADR 8,US01609W1027,FRA,FRAB,8,91.3500,EUR,-730.80,EUR,-730.80,EUR,,-4.40,EUR,-735.20,EUR,f6804b16-c9c0-4113-8dc7-6f80a2a83037
16-08-2022,13:07,FLOWTRADERS,NL0011279492,EAM,MESI,35,21.3400,EUR,-746.90,EUR,-746.90,EUR,,-4.40,EUR,-751.30,EUR,2dc42fd5-c1c4-456c-811c-b0754699c69c
09-08-2022,16:14,VANGUARD FTSE ALL-WORLD UCITS ETF - (USD) ACCUMULATING,IE00BK5BQT80,XET,XETA,7,98.8900,EUR,-692.23,EUR,-692.23,EUR,,,EUR,-692.23,EUR,7c99ea40-7fae-4142-9df9-7a129e939e62
27-07-2022,11:01,VANGUARD FTSE ALL-WORLD UCITS ETF - (USD) ACCUMULATING,IE00BK5BQT80,XET,XETA,6,96.4500,EUR,-578.70,EUR,-578.70,EUR,,,EUR,-578.70,EUR,2b69a6e4-dde4-4fb4-9ca4-300cb4b66a6a
22-07-2022,15:33,FLOWTRADERS,NL0011279492,EAM,MESI,15,22.5000,EUR,-337.50,EUR,-337.50,EUR,,-4.40,EUR,-341.90,EUR,39ae162f-7eb1-408b-aad1-f95ca82e4300
15-07-2022,22:00,COL P25.00 15JUL22,BEEN07090374,LFF,,-3,0.0000,EUR,0.00,EUR,0.00,EUR,,,EUR,0.00,EUR,
20-06-2022,10:45,VANGUARD FTSE ALL-WORLD UCITS ETF - (USD) ACCUMULATING,IE00BK5BQT80,XET,XETA,7,88.6700,EUR,-620.69,EUR,-620.69,EUR,,-0.50,EUR,-621.19,EUR,3c0a65be-8020-4d17-b221-8ffeb9aad7ee
15-06-2022,09:21,COL P25.00 17JUN22,BEEN07094111,LFF,XBRD,-3,0.1700,EUR,51.00,EUR,51.00,EUR,,-2.25,EUR,48.75,EUR,c94565bc-14d9-46f2-9420-4918d61eea5c
15-06-2022,09:21,COL P35.00 16DEC22,BEEN02796090,LFF,XBRD,-2,9.8000,EUR,1960.00,EUR,1960.00,EUR,,-1.50,EUR,1958.50,EUR,ddda615f-e5be-4af8-ac4a-dd140e5e60c7
15-06-2022,09:19,COL P35.00 17JUN22,BEEN02019725,LFF,XBRD,2,8.9000,EUR,-1780.00,EUR,-1780.00,EUR,,-1.50,EUR,-1781.50,EUR,dc459ccf-1ba3-4000-ac15-2219dc1e7f7f
13-06-2022,12:50,COL P25.00 15JUL22,BEEN07090374,LFF,XBRD,3,0.5300,EUR,-159.00,EUR,-159.00,EUR,,-2.25,EUR,-161.25,EUR,c2fc5cf3-78da-4ef9-b5bd-7a75bb2ac553
13-06-2022,12:47,VANGUARD FTSE ALL-WORLD UCITS ETF - (USD) ACCUMULATING,IE00BK5BQT80,XET,XETA,8,91.5400,EUR,-732.32,EUR,-732.32,EUR,,,EUR,-732.32,EUR,366cdfe0-5695-40f0-a053-39b405a25b13
25-05-2022,09:52,COL P25.00 17JUN22,BEEN07094111,LFF,XBRD,3,0.3500,EUR,-105.00,EUR,-105.00,EUR,,-2.25,EUR,-107.25,EUR,ff8bd837-0ce9-4c14-b8dc-8ced3b34d1e4
18-05-2022,16:23,VANGUARD FTSE ALL-WORLD UCITS ETF - (USD) ACCUMULATING,IE00BK5BQT80,XET,XETA,7,95.2900,EUR,-667.03,EUR,-667.03,EUR,,,EUR,-667.03,EUR,17301523-f51b-4644-9137-99f62c3ca133
18-05-2022,16:19,COL P35.00 17JUN22,BEEN02019725,LFF,XBRD,-1,3.7500,EUR,375.00,EUR,375.00,EUR,,-0.75,EUR,374.25,EUR,5c0c4d7c-4b47-4877-9c87-79a8bc2f0d1f
09-05-2022,17:27,COL P35.00 17JUN22,BEEN02019725,LFF,XBRD,-1,1.7900,EUR,179.00,EUR,179.00,EUR,,-0.75,EUR,178.25,EUR,44e5de17-7762-4416-87f5-0eb244327930
09-05-2022,17:23,EUN C11.00 16SEP22,BEEN05102064,LFF,XBRD,1,0.7300,EUR,-73.00,EUR,-73.00,EUR,,-0.75,EUR,-73.75,EUR,09cfe70a-74e2-48c3-b039-fd6cbf277275
09-05-2022,16:32,EUN C11.00 17JUN22,BEEN05102049,LFF,XBRD,3,0.3500,EUR,-105.00,EUR,-105.00,EUR,,-2.25,EUR,-107.25,EUR,ba484fac-0d13-43eb-b3cf-660fa7de8d7f
06-04-2022,16:34,EUN C11.00 16SEP22,BEEN05102064,LFF,XBRD,-1,0.9800,EUR,98.00,EUR,98.00,EUR,,-0.75,EUR,97.25,EUR,2d8e82b7-d672-459f-953d-b01372314076
06-04-2022,12:17,EUN C11.00 17JUN22,BEEN05102049,LFF,XBRD,-2,0.6400,EUR,128.00,EUR,128.00,EUR,,-1.50,EUR,126.50,EUR,65a26f60-0efd-4624-b032-68d30b6b7f1b
06-04-2022,10:11,VANGUARD FTSE ALL-WORLD UCITS ETF - (USD) ACCUMULATING,IE00BK5BQT80,XET,XETA,5,102.2200,EUR,-511.10,EUR,-511.10,EUR,,,EUR,-511.10,EUR,c87a55a9-d92d-42d5-a168-2cbde56757e6
05-04-2022,15:59,EUN C11.00 17JUN22,BEEN05102049,LFF,XBRD,-1,0.6300,EUR,63.00,EUR,63.00,EUR,,-0.75,EUR,62.25,EUR,204f4d32-8f0f-4a8c-9c65-13aed51e4867
28-03-2022,11:51,JD.COM. INC. A,KYG8208B1014,FRA,FRAB,-2,25.8000,EUR,51.60,EUR,51.60,EUR,,-4.40,EUR,47.20,EUR,e47ecea8-1f23-4153-907d-fbd8e6666fd8
28-03-2022,09:01,JD.COM INC,KYG8208B1014,DEG,,-2,0.0000,EUR,0.00,EUR,0.00,EUR,,,EUR,0.00,EUR,
28-03-2022,09:01,JD.COM. INC. A,KYG8208B1014,FRA,,2,0.0000,EUR,0.00,EUR,0.00,EUR,,,EUR,0.00,EUR,
23-03-2022,17:02,"TENCENT HLDGS   HD-,00002",KYG875721634,FRA,FRAB,14,44.5000,EUR,-623.00,EUR,-623.00,EUR,,-4.40,EUR,-627.40,EUR,3ff865f5-6899-4248-9206-6a8f9bcee365
18-03-2022,16:22,VANGUARD FTSE ALL-WORLD UCITS ETF - (USD) ACCUMULATING,IE00BK5BQT80,XET,XETA,7,99.3800,EUR,-695.66,EUR,-695.66,EUR,,-0.50,EUR,-696.16,EUR,fd35c0fe-c016-45c1-a91b-b2f31415e0d1
11-03-2022,10:58,COL P50.00 16SEP22,BEEN02643227,LFF,XBRD,-3,15.0000,EUR,4500.00,EUR,4500.00,EUR,,-2.25,EUR,4497.75,EUR,47256df1-c85a-4cee-8eda-9fc686f7615f
11-03-2022,10:50,COL P48.00 18MAR22,BEEN01397148,LFF,XBRD,3,13.3500,EUR,-4005.00,EUR,-4005.00,EUR,,-2.25,EUR,-4007.25,EUR,d65b3558-6574-4510-a385-aa4a7a2b22c7
10-03-2022,13:38,FLW P31.00 18MAR22,NLEN03404782,LFF,XEUE,1,0.5500,EUR,-55.00,EUR,-55.00,EUR,,-0.75,EUR,-55.75,EUR,f1597393-d847-47d4-a05c-9e6c680ee30d
07-03-2022,10:43,FLW P31.00 18MAR22,NLEN03404782,LFF,XEUE,2,0.7500,EUR,-150.00,EUR,-150.00,EUR,,-1.50,EUR,-151.50,EUR,690b5508-d63b-47cd-a5d9-0fc7f5769fbe
03-03-2022,14:25,VANGUARD FTSE ALL-WORLD UCITS ETF - (USD) ACCUMULATING,IE00BK5BQT80,XET,XETA,5,98.6000,EUR,-493.00,EUR,-493.00,EUR,,,EUR,-493.00,EUR,19ee6bb5-f01f-4287-83d8-bb1ab9200bbd
24-02-2022,10:26,VANGUARD FTSE ALL-WORLD UCITS ETF - (USD) ACCUMULATING,IE00BK5BQT80,XET,XETA,6,93.7900,EUR,-562.74,EUR,-562.74,EUR,,-0.50,EUR,-563.24,EUR,c303feee-ed29-462e-8d0e-ce2355c68356
10-02-2022,10:14,FLW P31.00 18MAR22,NLEN03404782,LFF,XEUE,-3,1.7000,EUR,510.00,EUR,510.00,EUR,,-2.25,EUR,507.75,EUR,192f4519-b528-4de3-865e-df5b0d570a8d
03-02-2022,14:20,COL P29.00 18MAR22,BEEN04700199,LFF,XBRD,-3,0.1300,EUR,39.00,EUR,39.00,EUR,,-2.25,EUR,36.75,EUR,2d58bc3a-2e69-4506-9dd3-879a96274574
03-02-2022,12:57,FLW P32.00 18FEB22,NLEN03123481,LFF,XEUE,1,0.2200,EUR,-22.00,EUR,-22.00,EUR,,-0.75,EUR,-22.75,EUR,4c5cfa1a-898d-4274-be38-7b7b7882e43f
03-02-2022,12:56,ALIBABA GR.HLDG SP.ADR 8,US01609W1027,FRA,FRAB,10,107.2000,EUR,-1072.00,EUR,-1072.00,EUR,,-4.40,EUR,-1076.40,EUR,edb9093c-e25f-45de-bb93-ae881369249c
01-02-2022,14:28,VANGUARD FTSE ALL-WORLD UCITS ETF - (USD) ACCUMULATING,IE00BK5BQT80,XET,XETA,5,100.6000,EUR,-503.00,EUR,-503.00,EUR,,,EUR,-503.00,EUR,62190590-b8ef-4467-962d-fa0a385729f4
31-01-2022,15:42,PRX P64.00 18FEB22,NLEN03127482,LFF,XEUE,1,0.5500,EUR,-55.00,EUR,-55.00,EUR,,-0.75,EUR,-55.75,EUR,c8200331-fc99-4614-b625-ec8c7b5dc888
28-01-2022,10:12,PRX P58.00 18FEB22,NLEN03225849,LFF,XEUE,-1,0.4000,EUR,40.00,EUR,40.00,EUR,,-0.75,EUR,39.25,EUR,787fed9d-140d-4dbe-b52e-15dd3a53c33e
27-01-2022,13:51,COL P29.00 18MAR22,BEEN04700199,LFF,XBRD,3,0.2000,EUR,-60.00,EUR,-60.00,EUR,,-2.25,EUR,-62.25,EUR,36cd3787-1fee-4758-badb-fd42a6691841
27-01-2022,13:49,PRX P58.00 18FEB22,NLEN03225849,LFF,XEUE,1,0.5400,EUR,-54.00,EUR,-54.00,EUR,,-0.75,EUR,-54.75,EUR,57390798-897f-4368-8e5c-43e69bcdcc5e
27-01-2022,13:46,PRX P64.00 18FEB22,NLEN03127482,LFF,XEUE,-1,1.2400,EUR,124.00,EUR,124.00,EUR,,-0.75,EUR,123.25,EUR,c959f66d-0afa-4d08-b8c6-e7e3559ab9bb
21-01-2022,22:00,PRX P67.00 21JAN22,NLEN03374258,LFF,,1,0.0000,EUR,0.00,EUR,0.00,EUR,,,EUR,0.00,EUR,
20-01-2022,00:00,JD.COM INC,KYG8208B1014,DEG,,2,0.0000,EUR,0.00,EUR,0.00,EUR,,,EUR,0.00,EUR,
18-01-2022,14:08,PRX P67.00 21JAN22,NLEN03374258,LFF,XEUE,-1,0.1000,EUR,10.00,EUR,10.00,EUR,,-0.75,EUR,9.25,EUR,e6d2bc77-4d0a-4794-a5bf-6648e9ebaee4
17-01-2022,16:33,FLW P32.00 18FEB22,NLEN03123481,LFF,XEUE,-1,0.8000,EUR,80.00,EUR,80.00,EUR,,-0.75,EUR,79.25,EUR,82873327-f9da-4b3f-b7fe-3744363e67f0
11-01-2022,11:36,PRX P66.00 21JAN22,NLEN03361156,LFF,XEUE,1,0.2400,EUR,-24.00,EUR,-24.00,EUR,,-0.75,EUR,-24.75,EUR,71e72e2a-2b4a-45e5-b9b0-cb7b07675e7f
06-01-2022,16:08,PRX P66.00 21JAN22,NLEN03361156,LFF,XEUE,-1,0.9000,EUR,90.00,EUR,90.00,EUR,,-0.75,EUR,89.25,EUR,971a1938-60bf-48e8-9bf0-46aefb1fffae
05-01-2022,15:56,VANGUARD FTSE ALL-WORLD UCITS ETF - (USD) ACCUMULATING,IE00BK5BQT80,XET,XETA,4,104.9400,EUR,-419.76,EUR,-419.76,EUR,,,EUR,-419.76,EUR,86bb2e4e-89cc-4ba4-8030-13638a0ceea6
22-12-2021,14:33,VANGUARD FTSE ALL-WORLD UCITS ETF - (USD) ACCUMULATING,IE00BK5BQT80,XET,XETA,60,102.0800,EUR,-6124.80,EUR,-6124.80,EUR,,,EUR,-6124.80,EUR,7d360153-aedc-4bff-b609-a7d7ee626021
22-12-2021,14:32,ISHARES CORE MSCI WORLD UCITS ETF USD (ACC),IE00B4L5Y983,EAM,XAMS,-73,77.0100,EUR,5621.73,EUR,5621.73,EUR,,-0.50,EUR,5621.23,EUR,ee641375-5566-4d80-964b-700eedfa50d6
17-12-2021,16:35,ISHARES CORE MSCI WORLD UCITS ETF USD (ACC),IE00B4L5Y983,EAM,XAMS,5,76.9000,EUR,-384.50,EUR,-384.50,EUR,,,EUR,-384.50,EUR,ce9d28b8-98b8-472f-9621-33f280952d92
03-12-2021,15:13,COL P48.00 18MAR22,BEEN01397148,LFF,XBRD,-3,7.5500,EUR,2265.00,EUR,2265.00,EUR,,-2.55,EUR,2262.45,EUR,2f43ab6d-7baf-498e-af3a-2812715c188b
03-12-2021,15:12,COL P48.00 17DEC21,BEEN00724821,LFF,XBRD,3,7.5500,EUR,-2265.00,EUR,-2265.00,EUR,,-2.55,EUR,-2267.55,EUR,1e945c1a-1d48-4679-b11d-a9633b5d72a0
02-12-2021,10:13,"TENCENT HLDGS   HD-,00002",KYG875721634,FRA,FRAB,20,53.2000,EUR,-1064.00,EUR,-1064.00,EUR,,-8.46,EUR,-1072.46,EUR,61efffaf-d932-4b94-b46e-fea998888650
01-12-2021,17:11,ABBVIE INC. COMMON STO,US00287Y1091,NSY,MEMX,-5,118.4600,USD,592.30,USD,522.86,EUR,1.1328,,EUR,522.86,EUR,32eda07e-163c-4679-8203-2cc3be7c8d76
01-12-2021,17:11,ALIBABA GR.HLDG SP.ADR 8,US01609W1027,FRA,FRAB,40,112.7000,EUR,-4508.00,EUR,-4508.00,EUR,,-11.56,EUR,-4519.56,EUR,2ace4c71-16de-4ffe-ba20-66139bb2940d
01-12-2021,17:10,ADR ON ALIBABA GROUP HOLDING,US01609W1027,NSY,EDGX,-40,127.6600,USD,5106.40,USD,4506.98,EUR,1.1330,,EUR,4506.98,EUR,52794c97-27b9-41eb-bda0-979b1474b4f4
26-11-2021,10:53,ISHARES CORE MSCI WORLD UCITS ETF USD (ACC),IE00B4L5Y983,EAM,XAMS,9,77.0000,EUR,-693.00,EUR,-693.00,EUR,,,EUR,-693.00,EUR,e5bcf6e0-cf35-4581-8623-9c3f4b4be2c0
10-11-2021,11:30,COL P46.00 17DEC21,BEEN00751907,LFF,XBRD,1,2.5000,EUR,-250.00,EUR,-250.00,EUR,,-0.85,EUR,-250.85,EUR,7437fdf6-c103-4e1e-988a-91ae2335c977
09-11-2021,17:03,ISHARES CORE MSCI WORLD UCITS ETF USD (ACC),IE00B4L5Y983,EAM,XAMS,4,76.9500,EUR,-307.80,EUR,-307.80,EUR,,,EUR,-307.80,EUR,51b15fef-65ca-4285-958d-35d8daa4f2bf
28-10-2021,11:01,FLOWTRADERS,NL0011279492,EAM,XAMS,35,31.2200,EUR,-1092.70,EUR,-1092.70,EUR,,-4.55,EUR,-1097.25,EUR,e464df8e-72d2-47a1-815e-56f7d90214b3
01-10-2021,11:50,ISHARES CORE MSCI WORLD UCITS ETF USD (ACC),IE00B4L5Y983,EAM,XAMS,6,71.0600,EUR,-426.36,EUR,-426.36,EUR,,,EUR,-426.36,EUR,5ae511cc-a7ba-4364-bf47-441f5bd19a3c
30-09-2021,13:28,COL P46.00 17DEC21,BEEN00751907,LFF,XBRD,-1,3.3500,EUR,335.00,EUR,335.00,EUR,,-0.85,EUR,334.15,EUR,c7c30c49-704e-45db-9750-d4a32d17e506
24-09-2021,17:36,ADR ON ALIBABA GROUP HOLDING,US01609W1027,NSY,XNAS,10,146.6000,USD,-1466.00,USD,-1252.14,EUR,1.1708,-0.53,EUR,-1252.67,EUR,aff6912b-2688-447e-9fb1-9311989c1737
24-09-2021,17:34,EURONAV NV ORDINARY SH,BE0003816338,NSY,"MEMX, XNAS",-760,9.1700,USD,6969.20,USD,5951.38,EUR,1.1710,-3.09,EUR,5948.29,EUR,9bdcf4e1-fbd1-4b19-b406-b9c9e29a500f
24-09-2021,17:25,EUN P6.50 17DEC21,BEEN01556081,LFF,XBRD,6,0.1200,EUR,-72.00,EUR,-72.00,EUR,,-5.10,EUR,-77.10,EUR,deda8a82-e733-4813-a8bf-9a6fff0b8c38
22-09-2021,10:18,EUN P7.00 17DEC21,BEEN01399722,LFF,XBRD,3,0.3000,EUR,-90.00,EUR,-90.00,EUR,,-2.55,EUR,-92.55,EUR,605924c5-535d-4aad-944f-1cc6dba44773
22-09-2021,10:18,EUN P7.00 15OKT21,BEEN02259339,LFF,XBRD,6,0.1000,EUR,-60.00,EUR,-60.00,EUR,,-5.10,EUR,-65.10,EUR,c9f0777b-4614-453a-a2e1-aef6b7000cbd
22-09-2021,10:18,EUN P6.80 15OKT21,BEEN02212031,LFF,XBRD,3,0.0800,EUR,-24.00,EUR,-24.00,EUR,,-2.55,EUR,-26.55,EUR,5d80de6c-e685-45d7-94a4-d716ac27a2d3
10-09-2021,16:07,ISHARES CORE MSCI WORLD UCITS ETF USD (ACC),IE00B4L5Y983,EAM,XAMS,4,73.1300,EUR,-292.52,EUR,-292.52,EUR,,,EUR,-292.52,EUR,3fbb5cb2-a5f6-4a29-b605-af90df059566
03-09-2021,11:40,EUN P6.60 15OKT21,BEEN02360152,LFF,XBRD,-9,0.1100,EUR,99.00,EUR,99.00,EUR,,-7.65,EUR,91.35,EUR,7dbb47d9-3577-4bfa-8bb1-9645b2997cfc
01-09-2021,17:54,ABBVIE INC. COMMON STO,US00287Y1091,NSY,CDED,5,108.4700,USD,-542.35,USD,-457.68,EUR,1.1850,-0.52,EUR,-458.20,EUR,851b0dab-794e-499d-ba92-21432e5d5e56
01-09-2021,15:45,EUN P6.60 15OKT21,BEEN02360152,LFF,XBRD,9,0.1400,EUR,-126.00,EUR,-126.00,EUR,,-7.65,EUR,-133.65,EUR,3b36f726-8075-4855-b4ed-52c68b3e9937
27-08-2021,15:45,ADR ON ALIBABA GROUP HOLDING,US01609W1027,NSY,XNAS,10,160.2500,USD,-1602.50,USD,-1364.88,EUR,1.1741,-0.53,EUR,-1365.41,EUR,69438f05-8182-42b8-aaea-19cb7fbd9ae7
27-08-2021,15:42,FLOWTRADERS,NL0011279492,EAM,MESI,25,34.7000,EUR,-867.50,EUR,-867.50,EUR,,-4.43,EUR,-871.93,EUR,95901690-b015-49c0-9da9-6fd11ff5f9e6
27-08-2021,15:40,VERIZON COMMUNICATIONS,US92343V1044,NSY,XNAS,-16,54.5600,USD,872.96,USD,743.45,EUR,1.1742,-0.55,EUR,742.90,EUR,f5e8ffdf-4f46-4533-b7aa-b50e8c1832de
27-08-2021,15:39,ABBVIE INC. COMMON STO,US00287Y1091,NSY,SOHO,-6,120.0200,USD,720.12,USD,613.34,EUR,1.1741,-0.52,EUR,612.82,EUR,edc087bf-974c-4857-9b36-d4a8c62ec0b0
19-08-2021,13:01,ISHARES CORE MSCI WORLD UCITS ETF USD (ACC),IE00B4L5Y983,EAM,XAMS,5,71.6300,EUR,-358.15,EUR,-358.15,EUR,,,EUR,-358.15,EUR,c036c8b3-9831-4a81-876b-99327d7fd347
17-08-2021,11:36,FLW P33.00 20AUG21,NLEN02301567,LFF,XEUE,1,0.1100,EUR,-11.00,EUR,-11.00,EUR,,-0.85,EUR,-11.85,EUR,fe39d215-cc7e-4158-8798-a1a98b787e02
13-08-2021,17:05,EUN P6.50 17DEC21,BEEN01556081,LFF,XBRD,-3,0.5200,EUR,156.00,EUR,156.00,EUR,,-2.55,EUR,153.45,EUR,de37f1c7-a22c-4131-a7cf-fb980a4b3927
13-08-2021,15:39,EUN P7.00 17DEC21,BEEN01399722,LFF,XBRD,-3,0.7600,EUR,228.00,EUR,228.00,EUR,,-2.55,EUR,225.45,EUR,2e8e4c85-45b6-4c95-a439-52cdeaf53381
12-08-2021,11:55,EUN P6.80 15OKT21,BEEN02212031,LFF,XBRD,-3,0.3800,EUR,114.00,EUR,114.00,EUR,,-2.55,EUR,111.45,EUR,2a5f59a1-960e-4731-b617-c212e3cdf067
10-08-2021,12:02,EUN P7.00 15OKT21,BEEN02259339,LFF,XBRD,-2,0.5700,EUR,114.00,EUR,114.00,EUR,,-1.70,EUR,112.30,EUR,28439a47-32d0-444b-be27-d7b3bf44fa5a
10-08-2021,11:26,EUN P6.50 17DEC21,BEEN01556081,LFF,XBRD,-3,0.4300,EUR,129.00,EUR,129.00,EUR,,-2.55,EUR,126.45,EUR,276cccca-b888-4b6e-82a6-3ab3662a180a
04-08-2021,11:48,EUN P7.00 15OKT21,BEEN02259339,LFF,XBRD,-4,0.4200,EUR,168.00,EUR,168.00,EUR,,-3.40,EUR,164.60,EUR,6b9678df-53a2-4379-8cde-2eae759b862c
27-07-2021,15:31,"TENCENT HLDGS   HD-,00002",KYG875721634,FRA,FRAB,10,48.7950,EUR,-487.95,EUR,-487.95,EUR,,-7.94,EUR,-495.89,EUR,35056d5a-fc22-43e5-8dc1-26f3da32f253
27-07-2021,15:31,ADR ON ALIBABA GROUP HOLDING,US01609W1027,NSY,XNYS,3,184.0000,USD,-552.00,USD,-466.97,EUR,1.1821,-0.51,EUR,-467.48,EUR,93646077-26c5-438d-ac08-3fb27d9c84e6
23-07-2021,15:35,TGH P29.00 20AUG21,BEEN01828241,LFF,XBRD,2,0.1700,EUR,-34.00,EUR,-34.00,EUR,,-1.70,EUR,-35.70,EUR,0cf78d4a-494c-4360-a567-930d2673d0b3
23-07-2021,13:43,FLOWTRADERS,NL0011279492,EAM,AQEU,25,34.0800,EUR,-852.00,EUR,-852.00,EUR,,-4.43,EUR,-856.43,EUR,02b636bf-bdb6-4615-a448-4762ed4d59b1
23-07-2021,13:41,TGH P30.00 20AUG21,BEEN01828266,LFF,XBRD,1,0.2500,EUR,-25.00,EUR,-25.00,EUR,,-0.85,EUR,-25.85,EUR,b8e3b543-58bd-44fe-878a-e8a9a56ab621
23-07-2021,13:37,EUN P7.00 17DEC21,BEEN01399722,LFF,XBRD,3,0.5000,EUR,-150.00,EUR,-150.00,EUR,,-2.55,EUR,-152.55,EUR,e8c7cde2-14b4-4edf-ae81-764c2ed24226
23-07-2021,13:01,FLW P33.00 20AUG21,NLEN02301567,LFF,XEUE,-1,0.7000,EUR,70.00,EUR,70.00,EUR,,-0.85,EUR,69.15,EUR,4aa6a3ca-5685-4510-b908-cd1df8171cb4
19-07-2021,16:00,EUN P7.00 17DEC21,BEEN01399722,LFF,XBRD,-3,0.6000,EUR,180.00,EUR,180.00,EUR,,-2.55,EUR,177.45,EUR,17b7cc18-b984-45c5-9c7b-6aa5e1cd6bf4
06-07-2021,13:43,ISHARES CORE MSCI WORLD UCITS ETF USD (ACC),IE00B4L5Y983,EAM,XAMS,10,70.7500,EUR,-707.50,EUR,-707.50,EUR,,,EUR,-707.50,EUR,6a12c680-5c2b-40b4-8dac-f3f79e423b26
24-06-2021,16:25,TGH P29.00 20AUG21,BEEN01828241,LFF,XBRD,-2,0.3000,EUR,60.00,EUR,60.00,EUR,,-1.70,EUR,58.30,EUR,172f4547-bff7-45bd-9c6a-92df110e1be3
24-06-2021,16:15,TGH P30.00 20AUG21,BEEN01828266,LFF,XBRD,1,0.5500,EUR,-55.00,EUR,-55.00,EUR,,-0.85,EUR,-55.85,EUR,8925b106-df9a-478b-903c-ddf2b82703e7
18-06-2021,22:00,UCB P68.00 18JUN21,BEEN01396421,LFF,,1,0.0000,EUR,0.00,EUR,0.00,EUR,,,EUR,0.00,EUR,
16-06-2021,12:04,COL P49.00 18JUN21,BEEN01397049,LFF,XBRD,1,2.4000,EUR,-240.00,EUR,-240.00,EUR,,-0.85,EUR,-240.85,EUR,f04e2317-8ed8-47ad-9aad-86bca66c88be
16-06-2021,11:54,COL P48.00 17DEC21,BEEN00724821,LFF,XBRD,-3,4.1000,EUR,1230.00,EUR,1230.00,EUR,,-2.55,EUR,1227.45,EUR,bb1ae7c9-b1ea-4d4c-824b-26238062e19f
16-06-2021,11:45,COL P48.00 18JUN21,BEENX9291016,LFF,XBRD,3,1.6500,EUR,-495.00,EUR,-495.00,EUR,,-2.55,EUR,-497.55,EUR,a6965ec4-d7e1-40d5-a796-e4acfa92754c
15-06-2021,10:11,COL P48.00 18JUN21,BEENX9291016,LFF,XBRD,-1,0.2300,EUR,23.00,EUR,23.00,EUR,,-0.85,EUR,22.15,EUR,d2269374-1159-4ead-956e-6b3037715a76
14-06-2021,15:35,ADR ON ALIBABA GROUP HOLDING,US01609W1027,NSY,SOHO,5,213.0900,USD,-1065.45,USD,-878.58,EUR,1.2127,-0.52,EUR,-879.10,EUR,470e8c3b-f16d-4bd8-9bfe-bf4ab8efc88f
14-06-2021,14:22,COL P49.00 18JUN21,BEEN01397049,LFF,XBRD,-1,0.4200,EUR,42.00,EUR,42.00,EUR,,-0.85,EUR,41.15,EUR,5c6bdeb8-87f7-4b92-b919-2edf8b0ca457
14-06-2021,14:12,COL P48.00 18JUN21,BEENX9291016,LFF,XBRD,-2,0.2300,EUR,46.00,EUR,46.00,EUR,,-1.70,EUR,44.30,EUR,dbb9c168-291f-4262-af9a-23d7ea76b15a
14-06-2021,13:19,UCB P68.00 16JUL21,BEEN01590718,LFF,XBRD,1,0.1000,EUR,-10.00,EUR,-10.00,EUR,,-0.85,EUR,-10.85,EUR,8dc058d3-98b4-443a-80a6-394ddb77170c
07-06-2021,11:13,"TENCENT HLDGS   HD-,00002",KYG875721634,FRA,FRAB,8,64.0700,EUR,-512.56,EUR,-512.56,EUR,,-7.96,EUR,-520.52,EUR,5e52cfc7-c8c2-4c52-98c9-15b80e1021dd
04-06-2021,10:24,UCB P68.00 16JUL21,BEEN01590718,LFF,XBRD,-1,0.4000,EUR,40.00,EUR,40.00,EUR,,-0.85,EUR,39.15,EUR,c6c6f2da-1949-425c-82f0-399ad4d028c1
04-06-2021,10:20,UCB P64.00 16JUL21,BEEN01689072,LFF,XBRD,-2,0.2000,EUR,40.00,EUR,40.00,EUR,,-1.70,EUR,38.30,EUR,d0b3b5ca-5b7a-484d-ad9a-0af3a915bfd2
04-06-2021,10:19,UCB P64.00 16JUL21,BEEN01689072,LFF,XBRD,2,0.2500,EUR,-50.00,EUR,-50.00,EUR,,-1.70,EUR,-51.70,EUR,a62975b1-4a13-48fb-9d00-225bcf9eeca7
01-06-2021,12:13,TGH P30.00 20AUG21,BEEN01828266,LFF,XBRD,-2,0.6000,EUR,120.00,EUR,120.00,EUR,,-1.70,EUR,118.30,EUR,51c99554-8932-44eb-83bd-89d1790d7d76
28-05-2021,11:06,UCB P72.00 16JUL21,BEEN01590734,LFF,XBRD,1,0.8500,EUR,-85.00,EUR,-85.00,EUR,,-0.85,EUR,-85.85,EUR,8450b56c-faba-4756-8709-cd536f0ed47f
27-05-2021,13:38,UCB P72.00 16JUL21,BEEN01590734,LFF,XBRD,-1,1.0500,EUR,105.00,EUR,105.00,EUR,,-0.85,EUR,104.15,EUR,1aa08779-7100-461b-9081-929f3883afa9
25-05-2021,15:34,VERIZON COMMUNICATIONS,US92343V1044,NSY,SOHO,2,56.6600,USD,-113.32,USD,-92.57,EUR,1.2242,-0.51,EUR,-93.08,EUR,7735b443-00d2-4bd7-8715-3684b69bf327
24-05-2021,16:09,ADR ON ALIBABA GROUP HOLDING,US01609W1027,NSY,CDED,6,210.1400,USD,-1260.84,USD,-1031.36,EUR,1.2225,-0.52,EUR,-1031.88,EUR,cdc77130-4d88-440b-beac-8144647171ae
21-05-2021,22:00,UCB P68.00 21MAY21,BEEN00104545,LFF,,2,0.0000,EUR,0.00,EUR,0.00,EUR,,,EUR,0.00,EUR,
21-05-2021,12:33,OESX P3625.00 21MAY21,DE000C5122X2,ERX,,1,0.0000,EUR,0.00,EUR,0.00,EUR,,,EUR,0.00,EUR,
13-05-2021,17:11,ADR ON ALIBABA GROUP HOLDING,US01609W1027,NSY,CDED,2,209.2000,USD,-418.40,USD,-346.59,EUR,1.2072,-0.51,EUR,-347.10,EUR,9af5e96c-f5dc-4712-8f13-dccc433336c8
13-05-2021,11:43,UCB P68.00 18JUN21,BEEN01396421,LFF,XBRD,-1,0.4000,EUR,40.00,EUR,40.00,EUR,,-0.85,EUR,39.15,EUR,21e8c107-89f3-43ec-8370-2b70b9a13e87
12-05-2021,11:21,OESX P3625.00 21MAY21,DE000C5122X2,ERX,XEUR,-1,5.2000,EUR,52.00,EUR,52.00,EUR,,-0.75,EUR,51.25,EUR,a2942106-80af-4fd4-bbfe-f0c6b5e7ff28
12-05-2021,11:12,OESX P3750.00 21MAY21,DE000C512376,ERX,XEUR,1,11.8000,EUR,-118.00,EUR,-118.00,EUR,,-0.75,EUR,-118.75,EUR,f2f91071-deb9-4bd2-a05d-4e3c3844d453
10-05-2021,10:56,OESX P3750.00 21MAY21,DE000C512376,ERX,XEUR,-1,4.9000,EUR,49.00,EUR,49.00,EUR,,-0.75,EUR,48.25,EUR,6efb20a4-0222-40e1-84f7-a2711a6a2c8d
10-05-2021,10:53,OESX P3325.00 21MAY21,DE000C512277,ERX,XEUR,1,1.0000,EUR,-10.00,EUR,-10.00,EUR,,-0.75,EUR,-10.75,EUR,dd5db2e6-2be9-4769-a7bd-db48f67bec1f
10-05-2021,10:02,EUN P6.00 17SEP21,BEEN00728020,LFF,XBRD,5,0.1400,EUR,-70.00,EUR,-70.00,EUR,,-4.25,EUR,-74.25,EUR,3beee7d4-40b4-4be7-bc97-65adffa447df
10-05-2021,09:12,EUN P6.00 18JUN21,BEENX9832363,LFF,XBRD,5,0.0300,EUR,-15.00,EUR,-15.00,EUR,,-4.25,EUR,-19.25,EUR,ebd563a9-bfb8-4b26-a0b2-0b33ff63ba5f
05-05-2021,10:46,UCB P72.00 21MAY21,BEEN01158813,LFF,XBRD,1,0.4500,EUR,-45.00,EUR,-45.00,EUR,,-0.85,EUR,-45.85,EUR,48edf1b5-1953-43be-bc20-9dc06923e8b4
04-05-2021,16:01,ADR ON ALIBABA GROUP HOLDING,US01609W1027,NSY,CDED,1,227.6200,USD,-227.62,USD,-189.37,EUR,1.2020,-0.50,EUR,-189.87,EUR,3700fe9d-17dc-4f08-9f17-1b303ff92c29
04-05-2021,14:41,UCB P68.00 21MAY21,BEEN00104545,LFF,XBRD,-2,0.2200,EUR,44.00,EUR,44.00,EUR,,-1.70,EUR,42.30,EUR,cf2d0325-30fa-46c9-b127-f6425cafd00c
03-05-2021,13:07,TGH P32.00 21MAY21,BEEN01161775,LFF,XBRD,3,0.1000,EUR,-30.00,EUR,-30.00,EUR,,-2.55,EUR,-32.55,EUR,f9fecb7c-45f8-44db-9d82-4ffc2f6b782f
27-04-2021,15:41,VERIZON COMMUNICATIONS,US92343V1044,NSY,CDED,4,56.4000,USD,-225.60,USD,-186.82,EUR,1.2076,-0.51,EUR,-187.33,EUR,a3af8571-23b3-486d-95b0-7ebe8bb4c828
23-04-2021,10:14,ISHARES CORE MSCI WORLD UCITS ETF USD (ACC),IE00B4L5Y983,EAM,XAMS,25,66.5900,EUR,-1664.75,EUR,-1664.75,EUR,,,EUR,-1664.75,EUR,e1e3192a-8e86-457d-b0e0-9b53c104211b
23-04-2021,10:14,OESX P3325.00 21MAY21,DE000C512277,ERX,XEUR,-1,4.3000,EUR,43.00,EUR,43.00,EUR,,-0.75,EUR,42.25,EUR,0691c335-1152-4af3-85a5-201cc3089c05
22-04-2021,18:12,ASTRAZENECA PLC COMMON,US0463531089,NSY,SOHO,-63,53.0000,USD,3339.00,USD,2779.49,EUR,1.2013,-0.71,EUR,2778.78,EUR,52033afd-caf6-4441-927d-36e3c151c177
21-04-2021,17:18,ASTRAZENECA PLC COMMON,US0463531089,NSY,ARCX,-50,53.0500,USD,2652.50,USD,2204.54,EUR,1.2032,-0.67,EUR,2203.87,EUR,0972b1c6-ff76-4860-b909-36e6141fb090
21-04-2021,15:36,EUN P6.00 18JUN21,BEENX9832363,LFF,XBRD,-5,0.1000,EUR,50.00,EUR,50.00,EUR,,-4.25,EUR,45.75,EUR,05cee93f-e665-4061-b3e5-f270bc264a9c
16-04-2021,11:14,EUN P6.00 17SEP21,BEEN00728020,LFF,XBRD,-5,0.3000,EUR,150.00,EUR,150.00,EUR,,-4.25,EUR,145.75,EUR,503fbabb-c657-4a3e-91da-30f800f3d9e8
13-04-2021,16:40,"TENCENT HLDGS   HD-,00002",KYG875721634,FRA,FRAB,8,67.3700,EUR,-538.96,EUR,-538.96,EUR,,-7.99,EUR,-546.95,EUR,fa95c10c-98f1-4266-ad41-865564404eb3
31-03-2021,15:36,TGH P32.00 21MAY21,BEEN01161775,LFF,XBRD,-1,0.6000,EUR,60.00,EUR,60.00,EUR,,-0.85,EUR,59.15,EUR,70c664b5-4c71-404d-8ce1-a5f65dee083d
30-03-2021,11:16,UCB P72.00 21MAY21,BEEN01158813,LFF,XBRD,-1,0.8000,EUR,80.00,EUR,80.00,EUR,,-0.85,EUR,79.15,EUR,33b4520a-f7fb-4e0b-83c1-f657b668a710
30-03-2021,10:49,TGH P32.00 21MAY21,BEEN01161775,LFF,XBRD,-2,0.4000,EUR,80.00,EUR,80.00,EUR,,-1.70,EUR,78.30,EUR,2bf330f5-fc7b-4cec-ad6b-c5f40df58e4d
17-03-2021,16:53,ABBVIE INC. COMMON STO,US00287Y1091,NSY,CDED,6,104.5900,USD,-627.54,USD,-526.99,EUR,1.1908,-0.52,EUR,-527.51,EUR,d6f5d352-3e12-43ca-8ace-603a6f2f9542
15-03-2021,16:05,ADR ON ALIBABA GROUP HOLDING,US01609W1027,NSY,ARCX,3,227.9900,USD,-683.97,USD,-573.27,EUR,1.1931,-0.51,EUR,-573.78,EUR,b2f6d50d-b9d3-494d-88b4-ab17a8f5823c
15-03-2021,16:05,VERIZON COMMUNICATIONS,US92343V1044,NSY,CDED,10,55.4300,USD,-554.30,USD,-464.59,EUR,1.1931,-0.53,EUR,-465.12,EUR,bf2beaf8-8c57-47d6-ae49-ccf03e2d4dee
10-03-2021,16:36,ISHARES CORE MSCI WORLD UCITS ETF USD (ACC),IE00B4L5Y983,EAM,XAMS,5,63.7100,EUR,-318.55,EUR,-318.55,EUR,,,EUR,-318.55,EUR,1610547a-2ea5-49b3-8bf0-b1bc771254d1
10-03-2021,16:34,SCORPIO TANKERS INC. C,MHY7542C1306,NSY,CDED,-20,18.0000,USD,360.00,USD,302.62,EUR,1.1896,-0.57,EUR,302.05,EUR,b647a797-4393-4a58-931b-39c4bb5b4f88
10-03-2021,16:34,SCORPIO TANKERS INC. C,MHY7542C1306,NSY,XNAS,-130,17.8500,USD,2320.50,USD,1950.94,EUR,1.1894,-0.94,EUR,1950.00,EUR,9ef4f7f5-fb4b-474b-871a-360b0e4e957d
02-03-2021,18:34,ASTRAZENECA PLC COMMON,US0463531089,NSY,BATS,20,47.9200,USD,-958.40,USD,-793.51,EUR,1.2078,-0.57,EUR,-794.08,EUR,d3ca06b8-7f18-4116-b470-9d9c842140e3
22-02-2021,16:22,CARNIVAL CORPORATION C,PA1436583006,NSY,ARCX,-21,26.7000,USD,560.70,USD,461.75,EUR,1.2143,-0.57,EUR,461.18,EUR,e10ff1b6-a5b0-4ef9-9b7e-92d4a2020b12
05-02-2021,14:12,EUN P7.00 19FEB21,BEENX0474454,LFF,XBRD,3,0.2100,EUR,-63.00,EUR,-63.00,EUR,,-2.55,EUR,-65.55,EUR,859e2583-1412-4cd9-a084-30a566dc84a7
05-02-2021,14:12,EUN P7.20 19FEB21,BEENX0474470,LFF,XBRD,2,0.3300,EUR,-66.00,EUR,-66.00,EUR,,-1.70,EUR,-67.70,EUR,c4e1f60e-1439-4c54-b2bc-be1127f98df5
04-02-2021,16:12,EUN P7.00 19FEB21,BEENX0474454,LFF,XBRD,-3,0.3600,EUR,108.00,EUR,108.00,EUR,,-2.55,EUR,105.45,EUR,57630dc3-f9c5-45c4-8c62-4d5e2a7f3ffb
02-02-2021,10:02,EUN P7.20 19FEB21,BEENX0474470,LFF,XBRD,-2,0.6200,EUR,124.00,EUR,124.00,EUR,,-1.70,EUR,122.30,EUR,0370e2b1-57cc-4e71-9d87-c384167fc2df
29-01-2021,19:11,ASTRAZENECA PLC COMMON,US0463531089,NSY,CDED,25,50.6900,USD,-1267.25,USD,-1044.55,EUR,1.2132,-0.58,EUR,-1045.13,EUR,80e18c58-ada7-4a62-bf4e-2ae37df7be84
17-12-2020,21:08,ASTRAZENECA PLC COMMON,US0463531089,NSY,CDED,10,50.6700,USD,-506.70,USD,-413.16,EUR,1.2264,-0.53,EUR,-413.69,EUR,f71831e1-7017-45c1-98ef-6227391416ad
17-12-2020,21:05,EURONAV NV ORDINARY SH,BE0003816338,NSY,SOHO,60,8.2600,USD,-495.60,USD,-404.08,EUR,1.2265,-0.70,EUR,-404.78,EUR,2a01a794-83f0-411e-9dd6-bcd3d25ea155
14-12-2020,15:33,ASTRAZENECA PLC COMMON,US0463531089,NSY,CDED,20,50.4300,USD,-1008.60,USD,-829.37,EUR,1.2161,-0.57,EUR,-829.94,EUR,67e435cf-0bdf-497c-b45e-3bdb6da0bdfd
11-12-2020,16:45,CARNIVAL CORPORATION C,PA1436583006,NSY,CDED,-21,22.1100,USD,464.31,USD,383.09,EUR,1.2120,-0.57,EUR,382.52,EUR,3909bebe-12ba-4b31-9944-a16914a32f57
27-11-2020,17:16,ASTRAZENECA PLC COMMON,US0463531089,NSY,ARCX,12,52.3000,USD,-627.60,USD,-525.06,EUR,1.1953,-0.54,EUR,-525.60,EUR,cf57f735-8ce6-4979-8241-8b4175c9bfe1
24-11-2020,18:07,ASTRAZENECA PLC COMMON,US0463531089,NSY,ARCX,10,53.7500,USD,-537.50,USD,-452.86,EUR,1.1869,-0.53,EUR,-453.39,EUR,c25fe4fa-0ace-4e5d-a9ad-82b3d282a516
23-11-2020,16:24,ASTRAZENECA PLC COMMON,US0463531089,NSY,CDED,6,53.5900,USD,-321.54,USD,-271.92,EUR,1.1825,-0.52,EUR,-272.44,EUR,949b05a0-4360-41e4-815f-fd6a073362aa
16-11-2020,16:08,ASTRAZENECA PLC COMMON,US0463531089,NSY,CDED,10,56.7500,USD,-567.50,USD,-479.79,EUR,1.1828,-0.53,EUR,-480.32,EUR,a92e5408-f969-4d6a-b94a-d34c8e61ebd5
09-11-2020,15:55,SIMON PROPERTY GROUP,US8288061091,NSY,BATS,-9,78.0000,USD,702.00,USD,590.86,EUR,1.1881,-0.53,EUR,590.33,EUR,1f7986c6-a060-49e9-8c33-f03fbdd6b2c7
09-11-2020,15:53,SIMON PROPERTY GROUP,US8288061091,NSY,BATS,-10,77.5000,USD,775.00,USD,652.30,EUR,1.1881,-0.53,EUR,651.77,EUR,c6ef9b6a-30a8-4dc8-9b29-1804f38832be
26-10-2020,15:16,SCORPIO TANKERS INC. C,MHY7542C1306,NSY,ARCX,30,10.1000,USD,-303.00,USD,-256.45,EUR,1.1815,-0.60,EUR,-257.05,EUR,ae7ac02a-71ee-4bd0-bfd5-38abf6103917
27-07-2020,17:32,SIMON PROPERTY GROUP,US8288061091,NSY,,9,60.2000,USD,-541.80,USD,-460.60,EUR,1.1763,-0.53,EUR,-461.13,EUR,c167d6c1-94b8-4fb6-ad97-33b459347dfe
10-07-2020,16:43,CALLON PETROLEUM COMPA,US13123X1028,NSY,,-500,1.1100,USD,555.00,USD,490.33,EUR,1.1319,-2.26,EUR,488.07,EUR,e5d06efa-5604-432c-8eff-aa91a16c1949
09-07-2020,16:26,CALLON PETROLEUM COMPA,US13123X1028,NSY,,96,1.0800,USD,-103.68,USD,-91.53,EUR,1.1328,-0.34,EUR,-91.87,EUR,ab30a4c1-d870-4d38-a015-97c95cb3e624
09-07-2020,16:26,CALLON PETROLEUM COMPA,US13123X1028,NSY,,404,1.0800,USD,-436.32,USD,-385.31,EUR,1.1324,-1.93,EUR,-387.24,EUR,ab30a4c1-d870-4d38-a015-97c95cb3e624
30-06-2020,15:50,EUN C10.00 17JUL20,BEENX8800023,LFF,,-6,0.0100,EUR,6.00,EUR,6.00,EUR,,-5.10,EUR,0.90,EUR,d6d61aba-02d6-4845-93e6-a0284024bf10
30-06-2020,15:48,EURONAV NV ORDINARY SH,BE0003816338,NSY,,100,7.9600,USD,-796.00,USD,-709.26,EUR,1.1223,-0.86,EUR,-710.12,EUR,594bdb68-5e78-4136-8364-2a872b452e5c
30-06-2020,15:46,SCORPIO TANKERS INC. C,MHY7542C1306,NSY,,40,13.0000,USD,-520.00,USD,-463.38,EUR,1.1222,-0.64,EUR,-464.02,EUR,d377f8bb-d45c-4dc6-a6c8-a1c2bb0f096a
29-06-2020,16:55,EUN C10.00 17JUL20,BEENX8800023,LFF,,6,0.0900,EUR,-54.00,EUR,-54.00,EUR,,-5.10,EUR,-59.10,EUR,e7f6c82f-506a-4de6-be2b-45fb512c3c64
11-06-2020,16:30,EURONAV NV ORDINARY SH,BE0003816338,NSY,CDED,100,9.9100,USD,-991.00,USD,-869.83,EUR,1.1393,-0.85,EUR,-870.68,EUR,c4d57b26-17da-4af0-8260-012053412583
09-06-2020,19:16,SIMON PROPERTY GROUP,US8288061091,NSY,XNAS,10,86.5500,USD,-865.50,USD,-763.30,EUR,1.1339,-0.53,EUR,-763.83,EUR,c5d0a7e8-4939-4484-8eef-c0c6ff3794f4
09-06-2020,17:29,CALLON PETROLEUM COMPA,US13123X1028,NSY,XNAS,-800,2.0900,USD,1672.00,USD,1471.96,EUR,1.1359,-2.82,EUR,1469.14,EUR,8ef00d14-32c8-47d0-aef3-44dc8e69be34
09-06-2020,17:29,CALLON PETROLEUM COMPA,US13123X1028,NSY,IEXG,-100,2.0900,USD,209.00,USD,184.03,EUR,1.1357,-0.85,EUR,183.18,EUR,8ef00d14-32c8-47d0-aef3-44dc8e69be34
09-06-2020,15:52,CALLON PETROLEUM COMPA,US13123X1028,NSY,ARCX,300,2.0700,USD,-621.00,USD,-546.75,EUR,1.1358,-1.06,EUR,-547.81,EUR,a679d210-e442-49e8-86c3-5885e5669fd0
09-06-2020,15:52,CALLON PETROLEUM COMPA,US13123X1028,NSY,ARCX,400,2.0700,USD,-828.00,USD,-729.00,EUR,1.1358,-1.41,EUR,-730.41,EUR,45b13e8f-7f8e-477b-8296-8ecf22a3337a
09-06-2020,15:52,CALLON PETROLEUM COMPA,US13123X1028,NSY,EDGX,100,2.0700,USD,-207.00,USD,-182.25,EUR,1.1358,-0.85,EUR,-183.10,EUR,a679d210-e442-49e8-86c3-5885e5669fd0
09-06-2020,15:52,CALLON PETROLEUM COMPA,US13123X1028,NSY,EDGX,100,2.0700,USD,-207.00,USD,-182.25,EUR,1.1358,-0.85,EUR,-183.10,EUR,45b13e8f-7f8e-477b-8296-8ecf22a3337a
08-06-2020,15:48,EURONAV NV ORDINARY SH,BE0003816338,NSY,CDED,200,10.3000,USD,-2060.00,USD,-1821.48,EUR,1.1309,-1.20,EUR,-1822.68,EUR,90a71fee-0cb4-47ec-8d7d-c50bfd259e9d
05-06-2020,15:34,CALLON PETROLEUM COMPA,US13123X1028,NSY,CDED,-3000,1.0500,USD,3150.00,USD,2783.29,EUR,1.1318,-11.11,EUR,2772.18,EUR,701556b6-70c6-47db-8715-6730f26a8cee
03-06-2020,19:21,EURONAV NV ORDINARY SH,BE0003816338,NSY,XNYS,150,9.9500,USD,-1492.50,USD,-1328.08,EUR,1.1238,-1.03,EUR,-1329.11,EUR,2e3a7da4-5314-49c1-9fbe-f76b3a7f8fb7
22-05-2020,16:31,EURONAV NV ORDINARY SH,BE0003816338,NSY,CDED,50,9.5400,USD,-477.00,USD,-437.57,EUR,1.0901,-0.68,EUR,-438.25,EUR,1c0814cd-44f4-450e-845f-040127efabce
13-05-2020,19:16,CALLON PETROLEUM COMPA,US13123X1028,NSY,SOHO,1900,0.7085,USD,-1346.15,USD,-1244.48,EUR,1.0817,-7.03,EUR,-1251.51,EUR,7282235b-24e3-42a0-adb8-36e0922e475f
13-05-2020,19:13,CALLON PETROLEUM COMPA,US13123X1028,NSY,"EDGX, IEXG",238,0.7000,USD,-166.60,USD,-153.98,EUR,1.0819,-0.88,EUR,-154.86,EUR,7282235b-24e3-42a0-adb8-36e0922e475f
13-05-2020,19:06,CALLON PETROLEUM COMPA,US13123X1028,NSY,"ARCX, XNAS",371,0.6900,USD,-255.99,USD,-236.66,EUR,1.0817,-1.37,EUR,-238.03,EUR,7282235b-24e3-42a0-adb8-36e0922e475f
13-05-2020,18:53,CALLON PETROLEUM COMPA,US13123X1028,NSY,"ARCX, XNAS, XNYS",391,0.6800,USD,-265.88,USD,-245.56,EUR,1.0827,-1.45,EUR,-247.01,EUR,7282235b-24e3-42a0-adb8-36e0922e475f
13-05-2020,18:51,CALLON PETROLEUM COMPA,US13123X1028,NSY,IEXG,100,0.6800,USD,-68.00,USD,-62.79,EUR,1.0829,-0.87,EUR,-63.66,EUR,7282235b-24e3-42a0-adb8-36e0922e475f
12-05-2020,17:54,EURONAV NV ORDINARY SH,BE0003816338,NSY,ARCX,50,9.7000,USD,-485.00,USD,-446.31,EUR,1.0867,-0.68,EUR,-446.99,EUR,8bc92679-c30d-4aa8-b9aa-c38f4d15d2ac
11-05-2020,19:56,SCORPIO TANKERS INC. C,MHY7542C1306,NSY,BATS,30,17.7500,USD,-532.50,USD,-492.51,EUR,1.0812,-0.61,EUR,-493.12,EUR,781bb6d1-5d96-4283-8e4d-300cbbfec8d6
11-05-2020,17:31,CALLON PETROLEUM COMPA,US13123X1028,NSY,"ARCX, BATS, EDGX, IEXG, XNAS, XNYS",-2800,0.8400,USD,2352.00,USD,2175.19,EUR,1.0813,-10.36,EUR,2164.83,EUR,6bb0f997-af1b-4101-b3ce-c784fce66d7c
11-05-2020,17:31,CALLON PETROLEUM COMPA,US13123X1028,NSY,EDGX,-200,0.8400,USD,168.00,USD,155.38,EUR,1.0812,-1.24,EUR,154.14,EUR,6bb0f997-af1b-4101-b3ce-c784fce66d7c
08-05-2020,16:13,EURONAV NV ORDINARY SH,BE0003816338,NSY,XNAS,50,10.0800,USD,-504.00,USD,-465.55,EUR,1.0826,-0.68,EUR,-466.23,EUR,437e8b83-bff9-4530-8409-5ad045ca2267
08-05-2020,16:05,META PLATFORMS INC,US30303M1027,NDQ,XNAS,-10,212.3500,USD,2123.50,USD,1963.12,EUR,1.0817,-0.54,EUR,1962.58,EUR,392a7761-446a-47ac-8b12-5716b6724855
05-05-2020,15:33,SCORPIO TANKERS INC. C,MHY7542C1306,NSY,CDED,50,21.8700,USD,-1093.50,USD,-1006.17,EUR,1.0868,-0.68,EUR,-1006.85,EUR,a95d9b65-1b01-4095-aa76-59026cd429e1
30-04-2020,21:15,CALLON PETROLEUM COMPA,US13123X1028,NSY,BATS,49,0.8800,USD,-43.12,USD,-39.35,EUR,1.0959,-0.18,EUR,-39.53,EUR,9422f7df-e23a-44fc-b9a2-371a7577014d
30-04-2020,21:15,CALLON PETROLEUM COMPA,US13123X1028,NSY,BATS,100,0.8800,USD,-88.00,USD,-80.31,EUR,1.0958,-0.87,EUR,-81.18,EUR,9422f7df-e23a-44fc-b9a2-371a7577014d
24-04-2020,19:15,LAREDO PETROLEUM INC.,US5168061068,NSY,SOHO,-1500,0.7529,USD,1129.35,USD,1046.76,EUR,1.0789,-6.07,EUR,1040.69,EUR,3de54269-9fd4-4e02-b371-d62f39b139ee
24-04-2020,16:55,LAREDO PETROLEUM INC.,US5168061068,NSY,"ARCX, BATS",1313,0.8200,USD,-1076.66,USD,-995.56,EUR,1.0815,-4.86,EUR,-1000.42,EUR,c83c3bd1-7f63-4421-9dee-6b2edf84aa27
24-04-2020,16:55,LAREDO PETROLEUM INC.,US5168061068,NSY,BATS,187,0.8200,USD,-153.34,USD,-141.80,EUR,1.0814,-1.19,EUR,-142.99,EUR,c83c3bd1-7f63-4421-9dee-6b2edf84aa27
24-04-2020,16:22,LAREDO PETROLEUM INC.,US5168061068,NSY,CDED,-1500,0.8052,USD,1207.78,USD,1116.74,EUR,1.0815,-6.05,EUR,1110.69,EUR,43fcf66c-5e63-453b-9b98-03e170ddadf1
24-04-2020,15:46,LAREDO PETROLEUM INC.,US5168061068,NSY,MSPL,1500,0.9329,USD,-1399.35,USD,-1296.54,EUR,1.0793,-6.06,EUR,-1302.60,EUR,a7e75f7d-d302-4123-91b1-7d145e2b484f
24-04-2020,15:33,LAREDO PETROLEUM INC.,US5168061068,NSY,"ARCX, BATS, IEXG, XNAS, XNYS",-1000,0.9200,USD,920.00,USD,851.67,EUR,1.0802,-4.20,EUR,847.47,EUR,ba4241d4-27d7-4564-b258-516e483740b6
24-04-2020,15:30,LAREDO PETROLEUM INC.,US5168061068,NSY,CDED,1000,0.9000,USD,-900.00,USD,-833.10,EUR,1.0803,-4.21,EUR,-837.31,EUR,692757f7-7c33-47e7-a9cc-e3003834c2d1
20-04-2020,15:42,CALLON PETROLEUM COMPA,US13123X1028,NSY,CDED,1000,0.3999,USD,-399.87,USD,-367.87,EUR,1.0870,-4.19,EUR,-372.06,EUR,b58f9d25-8777-4a87-9118-6ab2bc2cba93
18-03-2020,19:07,CALLON PETROLEUM COMPA,US13123X1028,NSY,XNAS,600,0.4000,USD,-240.00,USD,-221.59,EUR,1.0831,-2.72,EUR,-224.31,EUR,b0dedaca-0ce1-440f-ad4b-8f678f323159
16-03-2020,15:32,CALLON PETROLEUM COMPA,US13123X1028,NSY,BATS,800,0.6300,USD,-504.00,USD,-452.54,EUR,1.1137,-3.37,EUR,-455.91,EUR,f34441be-b5e6-433a-b0e5-4583554b91c1
16-03-2020,15:29,CARNIVAL CORPORATION C,PA1436583006,NSY,BATS,22,16.1000,USD,-354.20,USD,-318.10,EUR,1.1135,-0.58,EUR,-318.68,EUR,3797a4d5-04d7-431a-a8ad-b1d2d121ffcc
04-03-2020,17:50,CALLON PETROLEUM COMPA,US13123X1028,NSY,"CDED, MSPL",275,1.9100,USD,-525.25,USD,-471.99,EUR,1.1128,-1.49,EUR,-473.48,EUR,c164cb16-98af-413c-a1b9-573671334a65
02-03-2020,15:54,CARNIVAL CORPORATION C,PA1436583006,NSY,XNYS,20,31.7700,USD,-635.40,USD,-570.63,EUR,1.1135,-0.57,EUR,-571.20,EUR,6e7c2beb-0903-49c6-bf56-1aa9525449f8
14-02-2020,17:44,CALLON PETROLEUM COMPA,US13123X1028,NSY,CDED,46,2.8900,USD,-132.94,USD,-122.60,EUR,1.0843,-0.67,EUR,-123.27,EUR,aa81602a-04f5-4f62-8ffa-2e2e8a191664
30-01-2020,15:37,META PLATFORMS INC,US30303M1027,NDQ,XNAS,3,208.6000,USD,-625.80,USD,-568.03,EUR,1.1017,-0.51,EUR,-568.54,EUR,7b7389b4-0606-42b5-ad91-018db815fcaa
27-01-2020,16:50,CALLON PETROLEUM COMPA,US13123X1028,NSY,ARCX,-130,3.0800,USD,400.40,USD,363.50,EUR,1.1015,-0.97,EUR,362.53,EUR,769b4041-0cbc-4f45-a6cd-0fb020be7789
22-01-2020,16:29,CALLON PETROLEUM COMPA,US13123X1028,NSY,XNAS,100,3.5400,USD,-354.00,USD,-319.61,EUR,1.1076,-0.86,EUR,-320.47,EUR,0c9f8766-e14c-4c05-80d3-ea3972eebe7b
22-01-2020,16:17,WIRECARD AG,DE0007472060,XET,XETU,-5,128.4500,EUR,642.25,EUR,642.25,EUR,,-4.37,EUR,637.88,EUR,83cbc850-c74c-4ec4-8965-3e90f9ace5a1
17-01-2020,18:15,CALLON PETROLEUM COMPA,US13123X1028,NSY,XNAS,160,3.9400,USD,-630.40,USD,-568.23,EUR,1.1094,-1.08,EUR,-569.31,EUR,5aae2939-b748-4f68-bbb4-eae27a76ef22
17-01-2020,17:11,CHINA SXT PHARMACEUTIC,VGG2161P1080,NDQ,"ARCX, EDGX, XNAS",-400,0.9200,USD,368.00,USD,331.79,EUR,1.1091,-1.94,EUR,329.85,EUR,18219776-0678-46b1-b005-173d099815fd
16-01-2020,19:40,CHINA SXT PHARMACEUTIC,VGG2161P1080,NDQ,CDED,200,0.9199,USD,-183.98,USD,-165.27,EUR,1.1132,-0.72,EUR,-165.99,EUR,fc6e3489-14a4-4144-80f1-996cd38f7ef4
16-01-2020,19:09,CHINA SXT PHARMACEUTIC,VGG2161P1080,NDQ,XNAS,100,0.9100,USD,-91.00,USD,-81.73,EUR,1.1134,-0.36,EUR,-82.09,EUR,fc6e3489-14a4-4144-80f1-996cd38f7ef4
16-01-2020,19:08,CHINA SXT PHARMACEUTIC,VGG2161P1080,NDQ,XNAS,100,0.9100,USD,-91.00,USD,-81.73,EUR,1.1134,-0.86,EUR,-82.59,EUR,fc6e3489-14a4-4144-80f1-996cd38f7ef4
16-01-2020,18:10,AURORA CANNABIS INC. C,CA05156X1087,NSY,EDGX,-305,2.1700,USD,661.85,USD,594.47,EUR,1.1133,-1.60,EUR,592.87,EUR,9f171109-33fe-4ec4-ad76-6589c40b8808
16-01-2020,16:27,AURORA CANNABIS INC. C,CA05156X1087,NSY,XNYS,305,2.1300,USD,-649.65,USD,-583.32,EUR,1.1137,-1.60,EUR,-584.92,EUR,cb1f2282-b0fe-4fbe-9dfb-1f5a68780a72
16-01-2020,16:16,AURORA CANNABIS INC. C,CA05156X1087,NSY,EDGX,-300,2.1800,USD,654.00,USD,587.08,EUR,1.1140,-1.58,EUR,585.50,EUR,8acfa949-2d15-4234-b743-7d86ef60ec4d
16-01-2020,16:01,AURORA CANNABIS INC. C,CA05156X1087,NSY,"EDGX, XNYS",300,2.1500,USD,-645.00,USD,-578.82,EUR,1.1143,-1.58,EUR,-580.40,EUR,e979e49d-c4a8-421a-98ad-da1cdfd5b49e
16-01-2020,10:55,WIRECARD AG,DE0007472060,XET,XETU,5,126.5000,EUR,-632.50,EUR,-632.50,EUR,,-4.37,EUR,-636.87,EUR,b37deb31-18df-47a9-8037-f7d5ad515fc2
15-01-2020,17:04,BERKSHIRE HATHAWAY INC,US0846707026,NSY,BATS,-5,228.6000,USD,1143.00,USD,1025.12,EUR,1.1150,-0.52,EUR,1024.60,EUR,958a603f-31aa-4454-ae1a-b6d21128f3f5
14-01-2020,19:46,META PLATFORMS INC,US30303M1027,NDQ,BATS,7,219.4500,USD,-1536.15,USD,-1379.82,EUR,1.1133,-0.53,EUR,-1380.35,EUR,79413f61-816d-4a72-8f8d-5e5764bfc11f
14-01-2020,16:37,AURORA CANNABIS INC. C,CA05156X1087,NSY,ARCX,-1000,1.7200,USD,1720.00,USD,1546.62,EUR,1.1121,-4.10,EUR,1542.52,EUR,bf98e731-8cc3-4117-b218-9e05f74475f2
14-01-2020,15:49,AURORA CANNABIS INC. C,CA05156X1087,NSY,"CDED, MSPL",1000,1.6700,USD,-1670.00,USD,-1502.00,EUR,1.1119,-4.10,EUR,-1506.10,EUR,7a1166f6-22a7-41a0-8c1d-e8c5da16e19c
14-01-2020,15:47,BERKSHIRE HATHAWAY INC,US0846707026,NSY,ARCX,-7,227.5100,USD,1592.57,USD,1432.30,EUR,1.1119,-0.53,EUR,1431.77,EUR,3264aecf-a5e9-4ee1-a6ca-c62ddde1a0a0
14-01-2020,15:38,ADVANCED MICRO DEVICES,US0079031078,NDQ,ARCX,-2,48.8500,USD,97.70,USD,87.90,EUR,1.1115,-0.51,EUR,87.39,EUR,aa5104ef-b2d5-4eba-856b-a9891c0bb9a0
10-01-2020,21:54,ADVANCED MICRO DEVICES,US0079031078,NDQ,CDED,2,48.0600,USD,-96.12,USD,-86.44,EUR,1.1119,-0.51,EUR,-86.95,EUR,d76edb27-3670-4fb4-9a08-3b2ff60c45f9
09-01-2020,20:53,BERKSHIRE HATHAWAY INC,US0846707026,NSY,XNAS,12,228.4000,USD,-2740.80,USD,-2467.41,EUR,1.1108,-0.54,EUR,-2467.95,EUR,3a61df63-0aa4-4328-b489-356d705a0ac7
08-01-2020,18:22,META PLATFORMS INC,US30303M1027,NDQ,ARCX,-13,215.0000,USD,2795.00,USD,2513.71,EUR,1.1119,-0.55,EUR,2513.16,EUR,12969e68-540d-4306-b986-98239268d163
07-01-2020,15:43,META PLATFORMS INC,US30303M1027,NDQ,XNAS,13,211.9700,USD,-2755.61,USD,-2470.41,EUR,1.1154,-0.55,EUR,-2470.96,EUR,57ba90f2-a64f-4733-82d6-1e89de024826
13-12-2019,16:07,VISA INC.,US92826C8394,NSY,CDED,-4,184.5700,USD,738.28,USD,662.68,EUR,1.1141,-0.51,EUR,662.17,EUR,709ee4fb-1605-4c13-846a-b2b210515101
13-12-2019,16:05,CISCO SYSTEMS INC. -,US17275R1023,NDQ,XNYS,-6,46.0000,USD,276.00,USD,247.47,EUR,1.1153,-0.52,EUR,246.95,EUR,b3be464f-7030-44e9-af71-19508e3b5f17
13-12-2019,15:32,MICROSOFT CORPORATION,US5949181045,NDQ,XNAS,-6,153.3000,USD,919.80,USD,825.02,EUR,1.1149,-0.52,EUR,824.50,EUR,7f6158b0-f1f9-4575-95e3-800f1eaae7bf
12-12-2019,17:47,CISCO SYSTEMS INC. -,US17275R1023,NDQ,XPSX,-20,45.5000,USD,910.00,USD,818.79,EUR,1.1114,-0.57,EUR,818.22,EUR,11fd232e-fd32-45e7-9336-39e1f82f74c2
15-11-2019,15:32,CISCO SYSTEMS INC. -,US17275R1023,NDQ,ARCX,26,45.4000,USD,-1180.40,USD,-1069.20,EUR,1.1040,-0.59,EUR,-1069.79,EUR,9d830342-ea9f-44af-8003-e89614b2cda4
08-11-2019,15:47,MICROSOFT CORPORATION,US5949181045,NDQ,XNAS,6,144.2500,USD,-865.50,USD,-784.97,EUR,1.1026,-0.52,EUR,-785.49,EUR,70231bb4-e907-4fa9-a42e-140c26035e1d
06-11-2019,15:55,VISA INC.,US92826C8394,NSY,CDED,4,177.2900,USD,-709.16,USD,-639.92,EUR,1.1082,-0.51,EUR,-640.43,EUR,3ca5abf9-80db-4afd-a1e4-fb8ef2d5657d
